Workbook

Sheet Dashboard
A1: Operations Dashboard
A3: KPI | B3: Value
A4: Total batches | B4: =COUNTA(Batches!$A$6:$A$20) -> 15
A5: Total seats | B5: =SUM(Batches!$E$6:$E$20) -> 2940
A6: Total enrolled | B6: =SUM(Batches!$F$6:$F$20) -> 2128
A7: Overall fill rate | B7: =IF(B5=0,0,B6/B5) -> 0.72380952
A8: Total revenue (INR) | B8: =SUM(Batches!$I$6:$I$20) -> 9274672
A9: Batches flagged LOW ENROLLMENT | B9: =COUNTIF(Batches!$J$6:$J$20,"LOW ENROLLMENT") -> 6
A10: Batches FULL | B10: =COUNTIF(Batches!$J$6:$J$20,"FULL") -> 3
A13: Course | B13: Batches | C13: Seats | D13: Enrolled | E13: Fill Rate | F13: Revenue (INR) | G13: Low Enrollment Batches
A14: Prelims Foundation | B14: =COUNTIF(Batches!$B$6:$B$20,A14) -> 3 | C14: =SUMIF(Batches!$B$6:$B$20,A14,Batches!$E$6:$E$20) -> 850 | D14: =SUMIF(Batches!$B$6:$B$20,A14,Batches!$F$6:$F$20) -> 644 | E14: =IF(C14=0,0,D14/C14) -> 0.75764706 | F14: =SUMIF(Batches!$B$6:$B$20,A14,Batches!$I$6:$I$20) -> 3344356 | G14: =COUNTIFS(Batches!$B$6:$B$20,A14,Batches!$J$6:$J$20,"LOW ENROLLMENT") -> 1
A15: Mains Answer Writing | B15: =COUNTIF(Batches!$B$6:$B$20,A15) -> 3 | C15: =SUMIF(Batches!$B$6:$B$20,A15,Batches!$E$6:$E$20) -> 420 | D15: =SUMIF(Batches!$B$6:$B$20,A15,Batches!$F$6:$F$20) -> 241 | E15: =IF(C15=0,0,D15/C15) -> 0.57380952 | F15: =SUMIF(Batches!$B$6:$B$20,A15,Batches!$I$6:$I$20) -> 1710759 | G15: =COUNTIFS(Batches!$B$6:$B$20,A15,Batches!$J$6:$J$20,"LOW ENROLLMENT") -> 2
A16: Essay and Ethics | B16: =COUNTIF(Batches!$B$6:$B$20,A16) -> 3 | C16: =SUMIF(Batches!$B$6:$B$20,A16,Batches!$E$6:$E$20) -> 300 | D16: =SUMIF(Batches!$B$6:$B$20,A16,Batches!$F$6:$F$20) -> 232 | E16: =IF(C16=0,0,D16/C16) -> 0.77333333 | F16: =SUMIF(Batches!$B$6:$B$20,A16,Batches!$I$6:$I$20) -> 957768 | G16: =COUNTIFS(Batches!$B$6:$B$20,A16,Batches!$J$6:$J$20,"LOW ENROLLMENT") -> 1
A17: Current Affairs Weekly | B17: =COUNTIF(Batches!$B$6:$B$20,A17) -> 3 | C17: =SUMIF(Batches!$B$6:$B$20,A17,Batches!$E$6:$E$20) -> 1150 | D17: =SUMIF(Batches!$B$6:$B$20,A17,Batches!$F$6:$F$20) -> 848 | E17: =IF(C17=0,0,D17/C17) -> 0.7373913 | F17: =SUMIF(Batches!$B$6:$B$20,A17,Batches!$I$6:$I$20) -> 1764952 | G17: =COUNTIFS(Batches!$B$6:$B$20,A17,Batches!$J$6:$J$20,"LOW ENROLLMENT") -> 1
A18: Optional - Geography | B18: =COUNTIF(Batches!$B$6:$B$20,A18) -> 3 | C18: =SUMIF(Batches!$B$6:$B$20,A18,Batches!$E$6:$E$20) -> 220 | D18: =SUMIF(Batches!$B$6:$B$20,A18,Batches!$F$6:$F$20) -> 163 | E18: =IF(C18=0,0,D18/C18) -> 0.74090909 | F18: =SUMIF(Batches!$B$6:$B$20,A18,Batches!$I$6:$I$20) -> 1496837 | G18: =COUNTIFS(Batches!$B$6:$B$20,A18,Batches!$J$6:$J$20,"LOW ENROLLMENT") -> 1
A19: Check: course batches add up to total | B19: =IF(SUM(B14:B18)=B4,"OK","MISMATCH") -> OK

Sheet Settings
A1: Settings (edit the yellow cells)
A2: Rule | B2: Value | C2: Meaning
A3: Low enrollment below | B3: 0.5 | C3: Batches with a fill rate below this are flagged LOW ENROLLMENT
A5: Course list (used by the drop-down)
A6: Prelims Foundation
A7: Mains Answer Writing
A8: Essay and Ethics
A9: Current Affairs Weekly
A10: Optional - Geography
A12: All data in this workbook is fictional practice data.

Sheet Batches
A1: Batch Operations Tracker (fictional data)
A2: Yellow columns are inputs. Fill Rate, Revenue and Status are formulas.
A5: Batch ID | B5: Course | C5: Educator | D5: Start Date | E5: Seats | F5: Enrolled | G5: Price (INR) | H5: Fill Rate | I5: Revenue (INR) | J5: Status
A6: B01 | B6: Prelims Foundation | C6: Rohit Menon | D6: 46328 | E6: 300 | F6: 276 | G6: 4999 | H6: =IF(E6=0,0,F6/E6) -> 0.92 | I6: =F6*G6 -> 1379724 | J6: =IF(F6>=E6,"FULL",IF(H6<Settings!$B$3,"LOW ENROLLMENT","ON TRACK")) -> ON TRACK
A7: B02 | B7: Prelims Foundation | C7: Kavya Reddy | D7: 46335 | E7: 300 | F7: 118 | G7: 4999 | H7: =IF(E7=0,0,F7/E7) -> 0.39333333 | I7: =F7*G7 -> 589882 | J7: =IF(F7>=E7,"FULL",IF(H7<Settings!$B$3,"LOW ENROLLMENT","ON TRACK")) -> LOW ENROLLMENT
A8: B03 | B8: Prelims Foundation | C8: Arjun Bhat | D8: 46342 | E8: 250 | F8: 250 | G8: 5499 | H8: =IF(E8=0,0,F8/E8) -> 1 | I8: =F8*G8 -> 1374750 | J8: =IF(F8>=E8,"FULL",IF(H8<Settings!$B$3,"LOW ENROLLMENT","ON TRACK")) -> FULL
A9: B04 | B9: Mains Answer Writing | C9: Neha Kulkarni | D9: 46331 | E9: 150 | F9: 132 | G9: 6999 | H9: =IF(E9=0,0,F9/E9) -> 0.88 | I9: =F9*G9 -> 923868 | J9: =IF(F9>=E9,"FULL",IF(H9<Settings!$B$3,"LOW ENROLLMENT","ON TRACK")) -> ON TRACK
A10: B05 | B10: Mains Answer Writing | C10: Sameer Joshi | D10: 46338 | E10: 150 | F10: 61 | G10: 6999 | H10: =IF(E10=0,0,F10/E10) -> 0.40666667 | I10: =F10*G10 -> 426939 | J10: =IF(F10>=E10,"FULL",IF(H10<Settings!$B$3,"LOW ENROLLMENT","ON TRACK")) -> LOW ENROLLMENT
A11: B06 | B11: Mains Answer Writing | C11: Rohit Menon | D11: 46345 | E11: 120 | F11: 48 | G11: 7499 | H11: =IF(E11=0,0,F11/E11) -> 0.4 | I11: =F11*G11 -> 359952 | J11: =IF(F11>=E11,"FULL",IF(H11<Settings!$B$3,"LOW ENROLLMENT","ON TRACK")) -> LOW ENROLLMENT
A12: B07 | B12: Essay and Ethics | C12: Kavya Reddy | D12: 46329 | E12: 100 | F12: 95 | G12: 3999 | H12: =IF(E12=0,0,F12/E12) -> 0.95 | I12: =F12*G12 -> 379905 | J12: =IF(F12>=E12,"FULL",IF(H12<Settings!$B$3,"LOW ENROLLMENT","ON TRACK")) -> ON TRACK
A13: B08 | B13: Essay and Ethics | C13: Neha Kulkarni | D13: 46336 | E13: 100 | F13: 37 | G13: 3999 | H13: =IF(E13=0,0,F13/E13) -> 0.37 | I13: =F13*G13 -> 147963 | J13: =IF(F13>=E13,"FULL",IF(H13<Settings!$B$3,"LOW ENROLLMENT","ON TRACK")) -> LOW ENROLLMENT
A14: B09 | B14: Essay and Ethics | C14: Arjun Bhat | D14: 46343 | E14: 100 | F14: 100 | G14: 4299 | H14: =IF(E14=0,0,F14/E14) -> 1 | I14: =F14*G14 -> 429900 | J14: =IF(F14>=E14,"FULL",IF(H14<Settings!$B$3,"LOW ENROLLMENT","ON TRACK")) -> FULL
A15: B10 | B15: Current Affairs Weekly | C15: Sameer Joshi | D15: 46330 | E15: 400 | F15: 312 | G15: 1999 | H15: =IF(E15=0,0,F15/E15) -> 0.78 | I15: =F15*G15 -> 623688 | J15: =IF(F15>=E15,"FULL",IF(H15<Settings!$B$3,"LOW ENROLLMENT","ON TRACK")) -> ON TRACK
A16: B11 | B16: Current Affairs Weekly | C16: Rohit Menon | D16: 46337 | E16: 400 | F16: 187 | G16: 1999 | H16: =IF(E16=0,0,F16/E16) -> 0.4675 | I16: =F16*G16 -> 373813 | J16: =IF(F16>=E16,"FULL",IF(H16<Settings!$B$3,"LOW ENROLLMENT","ON TRACK")) -> LOW ENROLLMENT
A17: B12 | B17: Current Affairs Weekly | C17: Kavya Reddy | D17: 46344 | E17: 350 | F17: 349 | G17: 2199 | H17: =IF(E17=0,0,F17/E17) -> 0.99714286 | I17: =F17*G17 -> 767451 | J17: =IF(F17>=E17,"FULL",IF(H17<Settings!$B$3,"LOW ENROLLMENT","ON TRACK")) -> ON TRACK
... A20: B15 | B20: Optional - Geography | C20: Sameer Joshi | D20: 46346 | E20: 60 | F20: 60 | G20: 9499 | H20: =IF(E20=0,0,F20/E20) -> 1 | I20: =F20*G20 -> 569940 | J20: =IF(F20>=E20,"FULL",IF(H20<Settings!$B$3,"LOW ENROLLMENT","ON TRACK")) -> FULL
